image_id,fat_percentage
1704_LdLeanColor,11.312005089314114
724_LDLeanColour,6.595916114790287
1701_LdLeanColor,8.215339029632709
2401_LdLeanColor,9.380737832577978
