image_id,fat_percentage
1701_LdLeanColor,10.38927777044452
2401_LdLeanColor,11.58051579592862
724_LDLeanColour,8.845584988962472
1704_LdLeanColor,13.87184080268305
