image_id,fat_percentage
103_LdLeanColor,14.881639739285458
1301_LdLeanColor,1.032218751360165
