image_id,fat_percentage
724_LDLeanColour,6.136313465783664
1704_LdLeanColor,10.901846550482983
1701_LdLeanColor,7.699953307944939
2401_LdLeanColor,8.74488947420266
