Image ID,Muscle Width (px),Muscle Depth (px),Fat Depth (px),Muscle Width (mm),Muscle Depth (mm),Fat Depth (mm),Conversion Factor (mm/px),Area (px^2),Area (mm^2),Outlier?
103_LdLeanColor,1293,906,380,93.95921237693389,65.83684950773558,27.613689639006093,0.07266760431317393,878969,4641.47,
1301_LdLeanColor,1433,852,218,102.35714285714285,60.857142857142854,15.571428571428571,0.07142857142857142,896031,4571.59,Y
