image_id,muscle_width_px,muscle_depth_px,fat_depth_px,muscle_width_mm,muscle_depth_mm,fat_depth_mm
1701_LdLeanColor,1482.3673633752194,907.0,284.0,105.88338309822996,64.78571428571428,20.285714285714285
1704_LdLeanColor,1329.830816307097,761.0,413.0,94.98791545050692,54.357142857142854,29.5
2401_LdLeanColor,1549.5580014959105,899.0,187.0,110.68271439256503,64.21428571428571,13.357142857142856
724_LDLeanColour,1328.952971327428,794.0,252.0,94.92521223767342,56.71428571428571,18.0
