image_id,ld_depth_px,ld_depth_mm,ld_width_px,ld_width_mm,fat_depth_px,fat_depth_mm
1701,994.4817745941853,7.1034412471013235,1483.513734348287,10.596526673916335,265.5899094468764,1.8970707817634027
1704,955.569986971127,6.825499906936622,1388.2251258351432,9.915893755965309,343.20984834354624,2.451498916739616
2401,1033.7490024178985,7.383921445842132,1591.0153990455276,11.364395707468054,195.11278789459186,1.3936627706756561
724,972.9141791545644,6.949386993961174,1330.3089866643763,9.502207047602688,197.3651438324407,1.4097510273745766
