image_id,ld_depth_yellow_px,ld_depth_purple_px,ld_width_px,fat_depth_yellow_px,fat_depth_purple_px,ld_depth_yellow_mm,ld_depth_purple_mm,ld_width_mm,fat_depth_yellow_mm,fat_depth_purple_mm
1701,990.8692626953202,986.8626880006873,1483.513734348287,243.3897662914182,253.84247083575278,7.077637590680859,7.049019200004909,10.596526673916335,1.738498330652987,1.8131605059696627
1701,924.1564448770795,891.0149993143199,1483.513734348287,345.4801739186606,854.0316153398537,6.601117463407711,6.364392852245142,10.596526673916335,2.4677155279904333,6.100225823856098
1704,1021.7856985995446,948.2869742287353,955.569986971127,241.2674025511735,98.3107318658548,7.2984692757110325,6.773478387348109,6.825499906936622,1.7233385896512392,0.7022195133275343
1704,1021.7856985995446,948.2869742287353,955.569986971127,241.2674025511735,98.3107318658548,7.2984692757110325,6.773478387348109,6.825499906936622,1.7233385896512392,0.7022195133275343
