image_id,muscle_width_px,muscle_depth_px,fat_depth_px,muscle_width_mm,muscle_depth_mm,fat_depth_mm
1701_LdLeanColor,1482.3673633752194,947.0,251.0,105.88338309822996,67.64285714285714,17.928571428571427
1704_LdLeanColor,1329.830816307097,931.0,373.0,94.98791545050692,66.5,26.642857142857142
2401_LdLeanColor,1549.5580014959105,996.0,227.0,110.68271439256503,71.14285714285714,16.21428571428571
724_LDLeanColour,1328.952971327428,947.0,211.0,94.92521223767342,67.64285714285714,15.071428571428571
