image_id,ld_depth_px,ld_depth_mm,ld_width_px,ld_width_mm,fat_depth_px,fat_depth_mm
1701,1018.4601121300726,7.274715086643376,1516.5816826007099,10.832726304290786,264.1968962724581,1.887120687660415
1704,1358.8119811070258,9.705799865050183,1085.9327787667153,7.756662705476538,1252.4088789209377,8.945777706578127
2401,1581.5941325131425,11.297100946522447,1233.5854246869164,8.811324462049404,606.699266523374,4.333566189452672
724,1012.7808252529271,7.2341487518066225,1367.7923819059674,9.769945585042624,175.4821928287882,1.2534442344913441
