image_id,muscle_width_px,muscle_depth_px,fat_depth_px,muscle_width_mm,muscle_depth_mm,fat_depth_mm
1701_LdLeanColor,1482.3673633752194,975.7128820921337,251.9622987670973,105.88338309822996,69.69377729229525,17.997307054792664
724_LDLeanColour,1328.952971327428,965.3515478521688,186.45374761586316,94.92521223767342,68.95368198944062,13.31812482970451
1704_LdLeanColor,1329.830816307097,940.2886328920478,373.48360071092816,94.98791545050692,67.16347377800341,26.67740005078058
2401_LdLeanColor,1549.5580014959105,967.6823233917869,187.6832437912346,110.68271439256503,69.1201659565562,13.405945985088184
